<?xml version="1.0" encoding="UTF-8"?>
<Configuration status="WARN">
    <Appenders>
        <Console name="Console" target="SYSTEM_OUT">
            <PatternLayout pattern="%d{HH:mm:ss.SSS} [%t] %-5level %logger{36} - %msg%n"/>
        </Console>
        <File name="FileAppender" fileName="logs/migration.log">
            <PatternLayout pattern="%d{yyyy-MM-dd HH:mm:ss.SSS} [%t] %-5level %logger{36} - %msg%n"/>
        </File>
    </Appenders>
    <Loggers>
        <Logger name="com.migration" level="info" additivity="false">
            <AppenderRef ref="Console"/>
            <AppenderRef ref="FileAppender"/>
        </Logger>
        <Root level="error">
            <AppenderRef ref="Console"/>
        </Root>
    </Loggers>
</Configuration>